target,m,T,k_true,n_clusters,n_active,loss,max_da,max_db,active_leq_k
sin_4pi,500,10000,7,30,498,0.0005286574040188679,0.009925384446812768,0.007773148382689401,0
