target,m,T,k_true,n_clusters,n_active,loss,max_da,max_db,active_leq_k
sin_4pi,50,1000,7,9,50,0.03640713296644973,0.0025655746724140577,0.002257427004372981,0
