target,m,T,k_true,n_clusters,n_active,loss,max_da,max_db,active_leq_k
sin_6pi,1000,10000,11,33,997,0.0046002179767719005,0.00797906666035352,0.006635887171272609,0
