target,m,T,k_true,n_clusters,n_active,loss,max_da,max_db,active_leq_k
sin_2pi,1000,200,3,2,915,0.0001079465100151996,0.0010990884607713467,0.0002774756335636206,0
