target,m,T,k_true,n_clusters,n_active,loss,max_da,max_db,active_leq_k
x_cubed,500,5000,1,17,88,9.814324729900857e-07,0.0011141039881596999,0.0002994118902196306,0
