target,m,T,k_true,n_clusters,n_active,loss,max_da,max_db,active_leq_k
sin_3pi,1000,1000,5,5,964,6.204613730343721e-05,0.010733326364529677,0.002341171094728428,0
