target,m,T,k_true,n_clusters,n_active,loss,max_da,max_db,active_leq_k
sin_6pi,50,10000,11,16,50,0.013289978328816322,0.0009595150310652317,0.007156545305614135,0
