target,m,T,k_true,n_clusters,n_active,loss,max_da,max_db,active_leq_k
sin_4pi,100,1000,7,13,100,0.01290058416184136,0.0015936820641862114,0.002335836447164372,0
