target,m,T,k_true,n_clusters,n_active,loss,max_da,max_db,active_leq_k
x_cubed,50,5000,1,34,47,1.5060265148032846e-06,0.0009075536581356119,0.0003141173939980059,0
