target,m,steps,k_true,n_clusters,n_active,loss,max_da_grad,max_db_grad,active_leq_k
sin_5pi,500,50000,9,5,439,0.4195459133218435,0.008285361574644252,0.0010113761972625774,0
