target,m,T,k_true,n_clusters,n_active,loss,max_da,max_db,active_leq_k
poly_k3,1500,500,3,8,310,1.5470128058153158e-05,0.005222765720326655,0.001031463467428001,0
