target,m,T,k_true,n_clusters,n_active,loss,max_da,max_db,active_leq_k
sin_4pi,100,5000,7,19,100,0.005138783654722739,0.004004640977630691,0.010460370085418598,0
