target,m,T,k_true,n_clusters,n_active,loss,max_da,max_db,active_leq_k
sin_3pi,100,200,5,9,100,0.018864148641100517,0.002003856719418499,0.001797472186603701,0
