target,m,T,k_true,n_clusters,n_active,loss,max_da,max_db,active_leq_k
sin_2pi,100,5000,3,28,98,6.119442255506055e-06,0.0006643126866950192,0.0007740283815688572,0
