target,m,T,k_true,n_clusters,n_active,loss,max_da,max_db,active_leq_k
poly_k3,50,200,3,29,47,0.00017048908039943455,0.0006192204137361005,0.0004942679382695469,0
