target,m,T,k_true,n_clusters,n_active,loss,max_da,max_db,active_leq_k
poly_k3,50,10000,3,36,47,2.2412972794876115e-06,0.006239253859009888,0.002714204097373487,0
