target,m,T,k_true,n_clusters,n_active,loss,max_da,max_db,active_leq_k
x_cubed,50,10000,1,37,47,5.887983820294405e-07,0.000501915119887588,0.00017374336356527155,0
