target,m,T,k_true,n_clusters,n_active,loss,max_da,max_db,active_leq_k
sin_4pi,250,500,7,21,250,0.007862423391576293,0.003177124704325631,0.002267478507437676,0
