target,m,T,k_true,n_clusters,n_active,loss,max_da,max_db,active_leq_k
x_cubed,100,10000,1,47,74,3.471540605508465e-07,0.00043639663686060703,0.00013323125326024048,0
