target,m,T,k_true,n_clusters,n_active,loss,max_da,max_db,active_leq_k
poly_k3,100,5000,3,55,91,5.841017595937368e-07,0.0016637045058690285,0.0005728844493219342,0
