target,m,T,k_true,n_clusters,n_active,loss,max_da,max_db,active_leq_k
sin_4pi,250,10000,7,22,250,0.003632416032861201,0.016523041892602522,0.023857225902528246,0
