target,m,T,k_true,n_clusters,n_active,loss,max_da,max_db,active_leq_k
poly_k3,50,5000,3,36,47,9.179732651660998e-07,0.0017545759339440926,0.0007627338462348928,0
