target,m,T,k_true,n_clusters,n_active,loss,max_da,max_db,active_leq_k
sin_4pi,1500,1000,7,7,1469,0.00010186172807946872,0.00566185655468795,0.0010865767091074966,0
