target,m,T,k_true,n_clusters,n_active,loss,max_da,max_db,active_leq_k
x_cubed,1000,1000,1,13,140,7.1149831454010724e-06,0.0006967279745192304,0.00014941526281239372,0
