target,m,T,k_true,n_clusters,n_active,loss,max_da,max_db,active_leq_k
sin_3pi,1500,1000,5,2,1442,2.5082635953280286e-05,0.002962769544135001,0.00043126732895079997,0
