target,m,T,k_true,n_clusters,n_active,loss,max_da,max_db,active_leq_k
sin_5pi,100,10000,9,24,100,0.0044498017558546685,0.001321247901265878,0.006903346250237384,0
