target,m,steps,k_true,n_clusters,n_active,loss,max_da_grad,max_db_grad,active_leq_k
sin_7pi,50,50000,13,12,50,0.38230185532177674,0.002471244771399301,0.003834024619968216,0
