target,m,steps,lr_eff,k_true,n_clusters,n_active,loss,max_da_grad,max_db_grad,active_leq_k
sin_7pi,50,50000,0.001,13,15,48,0.4478493753953697,0.003922989073024928,0.0027719166351383205,0
