target,m,T,k_true,n_clusters,n_active,loss,max_da,max_db,active_leq_k
x_cubed,250,500,1,31,125,2.3584354098891295e-05,0.0003195680797609302,7.527626678618184e-05,0
