target,m,T,k_true,n_clusters,n_active,loss,max_da,max_db,active_leq_k
sin_3pi,250,200,5,22,245,0.005243352048840847,0.0010023535260950923,0.000927163380399104,0
