target,m,T,k_true,n_clusters,n_active,loss,max_da,max_db,active_leq_k
sin_4pi,1000,10000,7,25,993,4.3383047452407686e-05,0.006166143677142884,0.0028603331281772592,0
