target,m,T,k_true,n_clusters,n_active,loss,max_da,max_db,active_leq_k
sin_4pi,250,200,7,20,247,0.02672178137727546,0.0025378442434164862,0.0012733610666167627,0
