target,m,T,k_true,n_clusters,n_active,loss,max_da,max_db,active_leq_k
sin_2pi,50,500,3,26,50,0.0015326618287752427,0.0009995005840442005,0.0011561308949953502,0
