target,m,T,k_true,n_clusters,n_active,loss,max_da,max_db,active_leq_k
sin_6pi,250,5000,11,21,250,0.006694516139110269,0.011853930465510977,0.028953406467748403,0
