target,m,T,k_true,n_clusters,n_active,loss,max_da,max_db,active_leq_k
sin_2pi,500,200,3,7,474,0.0002512026282938194,0.0018360184235205366,0.0005002277736446828,0
