target,m,T,k_true,n_clusters,n_active,loss,max_da,max_db,active_leq_k
sin_5pi,1000,5000,9,26,998,0.0009066465879348243,0.0033538365901588166,0.001810766332904576,0
