target,m,steps,k_true,n_clusters,n_active,loss,max_da_grad,max_db_grad,active_leq_k
sin_7pi,100,50000,13,15,100,0.2710934814578432,0.01431771834454122,0.014637594908177556,0
