target,m,T,k_true,n_clusters,n_active,loss,max_da,max_db,active_leq_k
sin_4pi,2000,500,7,2,1956,0.00021752217122724215,0.0023512395880563326,0.00044520501832829,0
