target,m,T,k_true,n_clusters,n_active,loss,max_da,max_db,active_leq_k
sin_3pi,50,200,5,9,49,0.06763276043583491,0.006223856796192655,0.0020219792377992383,0
