target,m,T,k_true,n_clusters,n_active,loss,max_da,max_db,active_leq_k
sin_4pi,50,5000,7,12,50,0.007605342243798691,0.0038160896867520553,0.015855697451710275,0
