target,m,T,k_true,n_clusters,n_active,loss,max_da,max_db,active_leq_k
sin_7pi,100,10000,13,18,100,0.015408091176770299,0.0029164694398914094,0.01396621514752479,0
