target,m,T,k_true,n_clusters,n_active,loss,max_da,max_db,active_leq_k
sin_3pi,50,1000,5,13,50,0.007418075796375794,0.0059868100295072104,0.011731199451048736,0
