target,m,T,k_true,n_clusters,n_active,loss,max_da,max_db,active_leq_k
x_cubed,250,10000,1,36,138,3.075002593858957e-07,0.0002360298548826165,5.517927574572674e-05,0
