target,m,T,k_true,n_clusters,n_active,loss,max_da,max_db,active_leq_k
poly_k3,250,200,3,37,157,6.546395523494132e-05,0.0015265038304739839,0.00038088975258224016,0
