target,m,T,k_true,n_clusters,n_active,loss,max_da,max_db,active_leq_k
sin_6pi,50,500,11,13,50,0.3230081066484388,0.0044795815392397855,0.008274184716632195,0
