target,m,T,k_true,n_clusters,n_active,loss,max_da,max_db,active_leq_k
sin_3pi,250,5000,5,31,248,0.0003123367134491016,0.003793598416695008,0.0023992810913059897,0
