target,m,T,k_true,n_clusters,n_active,loss,max_da,max_db,active_leq_k
sin_4pi,500,200,7,20,497,0.009193614333190738,0.0016428416297422398,0.0013232790388245294,0
