target,m,T,k_true,n_clusters,n_active,loss,max_da,max_db,active_leq_k
sin_4pi,1500,500,7,7,1468,0.0003547964065522776,0.004897434702899832,0.000888462201917836,0
