target,m,T,k_true,n_clusters,n_active,loss,max_da,max_db,active_leq_k
sin_1pi,1500,200,1,1,1108,9.381302978148467e-06,0.0005412066903395688,4.2235181604280785e-05,0
