target,m,T,k_true,n_clusters,n_active,loss,max_da,max_db,active_leq_k
sin_1pi,1000,1000,1,1,770,4.259666266562156e-06,0.002454928544839014,0.00022045251781171174,0
