target,m,T,k_true,n_clusters,n_active,loss,max_da,max_db,active_leq_k
sin_7pi,500,500,13,17,500,0.07091859812561219,0.006389124469040028,0.00236497911661047,0
