target,m,T,k_true,n_clusters,n_active,loss,max_da,max_db,active_leq_k
poly_k3,100,500,3,45,87,3.749461651510098e-05,0.001380047145956753,0.00046037757931717495,0
