target,m,T,k_true,n_clusters,n_active,loss,max_da,max_db,active_leq_k
sin_3pi,500,500,5,14,491,0.0005042044252675524,0.003805221694713305,0.0015460629193543155,0
