target,m,T,k_true,n_clusters,n_active,loss,max_da,max_db,active_leq_k
sin_2pi,100,10000,3,31,98,1.9030387441770097e-06,0.0003981765427911736,0.0004747912609552368,0
