target,m,T,k_true,n_clusters,n_active,loss,max_da,max_db,active_leq_k
sin_5pi,2000,500,9,13,1964,0.0008151178865860983,0.0028430528151525834,0.0006520766573374431,0
