target,m,T,k_true,n_clusters,n_active,loss,max_da,max_db,active_leq_k
sin_7pi,500,10000,13,24,500,0.006067408448653865,0.0021523738081726993,0.006143527541036127,0
