target,m,T,k_true,n_clusters,n_active,loss,max_da,max_db,active_leq_k
sin_1pi,1000,200,1,1,780,1.618042826401974e-05,0.0003169834563931313,5.642665155852216e-05,0
