target,m,T,k_true,n_clusters,n_active,loss,max_da,max_db,active_leq_k
sin_3pi,1000,5000,5,5,970,5.67240174546532e-06,0.0040756555769696865,0.0009950794138164918,0
