target,m,T,k_true,n_clusters,n_active,loss,max_da,max_db,active_leq_k
poly_k3,250,500,3,35,159,1.1431647647501104e-05,0.0013896679242296065,0.00041555267916227706,0
