target,m,T,k_true,n_clusters,n_active,loss,max_da,max_db,active_leq_k
sin_7pi,100,500,13,15,100,0.32730882422268215,0.004370813303715433,0.0071907445304006746,0
