target,m,T,k_true,n_clusters,n_active,loss,max_da,max_db,active_leq_k
poly_k3,500,200,3,20,143,7.955631863423469e-05,0.0037278820302884645,0.0009659351467664635,0
