target,m,T,k_true,n_clusters,n_active,loss,max_da,max_db,active_leq_k
poly_k3,2000,500,3,7,281,1.2581386983988925e-05,0.0013198709391761413,0.0002723985456259102,0
