target,m,T,k_true,n_clusters,n_active,loss,max_da,max_db,active_leq_k
sin_4pi,50,500,7,9,50,0.09256780170318701,0.004104802644732017,0.003884773235609814,0
