target,m,T,k_true,n_clusters,n_active,loss,max_da,max_db,active_leq_k
sin_4pi,1000,200,7,22,979,0.0034286755426290593,0.005690937795067106,0.0018320478072819065,0
