target,m,T,k_true,n_clusters,n_active,loss,max_da,max_db,active_leq_k
x_cubed,1500,200,1,6,235,0.00025382963746823685,0.0008919884116869998,0.0002480386347868865,0
