target,m,T,k_true,n_clusters,n_active,loss,max_da,max_db,active_leq_k
sin_7pi,50,10000,13,14,50,0.06244392516471829,0.001416370971837965,0.012297418195085202,0
