target,m,T,k_true,n_clusters,n_active,loss,max_da,max_db,active_leq_k
sin_1pi,500,10000,1,3,444,6.068831313623383e-07,0.001620027904249861,0.00019048777373882896,0
