target,m,T,k_true,n_clusters,n_active,loss,max_da,max_db,active_leq_k
poly_k3,100,10000,3,58,91,2.27441516262794e-07,0.0011033720893981935,0.0003798908377824212,0
