target,m,T,k_true,n_clusters,n_active,loss,max_da,max_db,active_leq_k
sin_2pi,100,1000,3,32,98,0.00017404804795678603,0.0005739989197524012,0.00058271422540414,0
