target,m,T,k_true,n_clusters,n_active,loss,max_da,max_db,active_leq_k
sin_3pi,50,10000,5,19,50,0.002987553453517925,0.0019813878247572185,0.006359816290534991,0
