target,m,T,k_true,n_clusters,n_active,loss,max_da,max_db,active_leq_k
sin_2pi,1000,1000,3,2,919,1.44467130632791e-05,0.0050307944729716895,0.0007258060927809032,0
