target,m,T,k_true,n_clusters,n_active,loss,max_da,max_db,active_leq_k
sin_6pi,100,10000,11,18,100,0.006897123598113255,0.004639935879641234,0.01804914549995322,0
