target,m,T,k_true,n_clusters,n_active,loss,max_da,max_db,active_leq_k
sin_1pi,250,200,1,22,226,3.2440259953134506e-05,0.00034261913021188626,0.00013675162994386831,0
