target,m,T,k_true,n_clusters,n_active,loss,max_da,max_db,active_leq_k
x_cubed,100,500,1,40,69,7.440011502259627e-05,0.0005537257949107657,0.0001580392395921312,0
