target,m,T,k_true,n_clusters,n_active,loss,max_da,max_db,active_leq_k
poly_k3,50,500,3,29,47,2.433857272483964e-05,0.003880997226075968,0.0016593838661919773,0
