target,m,T,k_true,n_clusters,n_active,loss,max_da,max_db,active_leq_k
poly_k3,1000,200,3,12,143,8.783361474915459e-05,0.003399930498916615,0.0008191941213116813,0
