target,m,T,k_true,n_clusters,n_active,loss,max_da,max_db,active_leq_k
sin_6pi,500,5000,11,21,498,0.0075622269928257504,0.005349501007644355,0.012751906149767735,0
