target,m,T,k_true,n_clusters,n_active,loss,max_da,max_db,active_leq_k
poly_k3,250,1000,3,33,155,4.130083299352075e-06,0.00070692819032718,0.00021389142188930812,0
