target,m,T,k_true,n_clusters,n_active,loss,max_da,max_db,active_leq_k
poly_k3,250,5000,3,36,152,9.971841541968588e-07,0.002947918830681194,0.0009039431992020418,0
