target,m,T,k_true,n_clusters,n_active,loss,max_da,max_db,active_leq_k
sin_7pi,1000,500,13,22,999,0.018652732792257057,0.006881380427548541,0.00256421440681286,0
