target,m,T,k_true,n_clusters,n_active,loss,max_da,max_db,active_leq_k
x_cubed,250,1000,1,33,128,7.167369216992208e-06,0.0020849236823905896,0.00048130624763054257,0
