target,m,T,k_true,n_clusters,n_active,loss,max_da,max_db,active_leq_k
sin_4pi,50,200,7,9,50,0.21334232412270043,0.00614214190992253,0.003117881661492092,0
