target,m,T,k_true,n_clusters,n_active,loss,max_da,max_db,active_leq_k
sin_2pi,2000,500,3,1,1812,1.722414984036518e-05,0.0023891697276596474,0.00022822617567479266,0
