target,m,T,k_true,n_clusters,n_active,loss,max_da,max_db,active_leq_k
sin_1pi,1000,5000,1,2,765,5.97263853504292e-07,0.0013531042746778089,0.00011904704414069202,0
