target,m,T,k_true,n_clusters,n_active,loss,max_da,max_db,active_leq_k
sin_1pi,250,5000,1,15,228,5.261019591462591e-07,0.000701073953225304,0.00010762171895754872,0
