target,m,steps,k_true,n_clusters,n_active,loss,max_da_grad,max_db_grad,active_leq_k
sin_4pi,100,50000,7,12,100,0.08261606229207687,0.7454140614495215,0.7598022464150539,0
