target,m,steps,k_true,n_clusters,n_active,loss,max_da_grad,max_db_grad,active_leq_k
sin_3pi,50,50000,5,11,50,0.03826904822440943,0.005573952812190295,0.003162423427789202,0
