target,m,T,k_true,n_clusters,n_active,loss,max_da,max_db,active_leq_k
poly_k3,1000,10000,3,12,115,4.2746617842111673e-07,0.0020943934461521378,0.0005779763657407436,0
