target,m,T,k_true,n_clusters,n_active,loss,max_da,max_db,active_leq_k
poly_k3,250,10000,3,34,152,1.8587107589145135e-07,0.000779155663316093,0.00023893315149690252,0
