target,m,T,k_true,n_clusters,n_active,loss,max_da,max_db,active_leq_k
x_cubed,1000,5000,1,13,138,5.100688370408041e-07,0.0004370209773108065,9.915841853852812e-05,0
