target,m,T,k_true,n_clusters,n_active,loss,max_da,max_db,active_leq_k
x_cubed,250,200,1,31,129,0.00016409593536589914,0.00045161273201753643,0.0002740875394162824,0
