target,m,T,k_true,n_clusters,n_active,loss,max_da,max_db,active_leq_k
sin_4pi,1000,5000,7,24,992,5.452854980995073e-05,0.002813459309255551,0.0012501660058532042,0
