target,m,T,k_true,n_clusters,n_active,loss,max_da,max_db,active_leq_k
sin_3pi,250,500,5,23,247,0.0012442989940072064,0.0012583284307387532,0.0006666170621041639,0
