target,m,T,k_true,n_clusters,n_active,loss,max_da,max_db,active_leq_k
x_cubed,100,1000,1,37,72,2.0415854152681127e-05,0.0008143095825126432,0.0002299003754618119,0
