target,m,T,k_true,n_clusters,n_active,loss,max_da,max_db,active_leq_k
sin_5pi,250,500,9,18,248,0.023535097028813484,0.0025025567494646956,0.002010607315039641,0
