target,m,T,k_true,n_clusters,n_active,loss,max_da,max_db,active_leq_k
sin_7pi,50,500,13,14,50,0.4037791226209442,0.0033623566783573923,0.007631358812895528,0
