target,m,T,k_true,n_clusters,n_active,loss,max_da,max_db,active_leq_k
sin_4pi,500,5000,7,30,498,0.0010676067888568557,0.010880703566293969,0.007865093919954538,0
