target,m,T,k_true,n_clusters,n_active,loss,max_da,max_db,active_leq_k
sin_3pi,100,10000,5,13,100,0.0039193660481055895,0.0013716110233935215,0.00282300167526331,0
