target,m,steps,lr_eff,k_true,n_clusters,n_active,loss,max_da_grad,max_db_grad,active_leq_k
sin_1pi,50,50000,0.001,1,33,45,0.0006742616359162552,0.0007966339109051695,0.0022904345685794397,0
