target,m,T,k_true,n_clusters,n_active,loss,max_da,max_db,active_leq_k
sin_4pi,100,500,7,11,100,0.029852035413180624,0.003027162252082507,0.0033076072984569395,0
