target,m,T,k_true,n_clusters,n_active,loss,max_da,max_db,active_leq_k
sin_2pi,250,1000,3,12,246,3.1052287174437754e-05,0.0018980807384886007,0.0006186333939278848,0
