target,m,T,k_true,n_clusters,n_active,loss,max_da,max_db,active_leq_k
sin_4pi,250,5000,7,20,250,0.004223024694311377,0.02225103440217283,0.024353178381059788,0
