target,m,T,k_true,n_clusters,n_active,loss,max_da,max_db,active_leq_k
x_cubed,500,10000,1,16,91,3.077035642874954e-07,0.0005996722685734655,0.00016139618341281744,0
