target,m,T,k_true,n_clusters,n_active,loss,max_da,max_db,active_leq_k
sin_2pi,50,5000,3,44,50,1.640503911544299e-05,0.0006536394113353792,0.0010863235848178408,0
